data,label
xin chÃ o,chao_hoi
chÃ o,chao_hoi
hi,chao_hoi
hello,chao_hoi
cÃ³ ai á»Ÿ Ä‘Ã¢y khÃ´ng,chao_hoi
Ä‘Ã¢u rá»“i,chao_hoi
alo,chao_hoi
lÃ´,chao_hoi
lo,chao_hoi
shop Æ¡i,chao_hoi
nÃ¨,chao_hoi
oi,chao_hoi
chÃ o shop,chao_hoi
háº¿ lu,chao_hoi
chÃ o buá»•i sÃ¡ng,chao_hoi
2,chao_hoi
hai,chao_hoi
yo,chao_hoi
Ãª,chao_hoi
ğŸ˜ƒ,chao_hoi
ğŸ˜„ğŸ˜„ğŸ˜ğŸ˜†ğŸ¥¹ğŸ˜…ğŸ˜‚ğŸ˜‰ğŸ™ƒğŸ™‚ğŸ˜™ğŸ˜š,chao_hoi
tÃ´i cáº§n Ä‘Æ°á»£c tÆ° váº¥n vá» kÃ­ch cá»¡,kich_co
tÃ´i muá»‘n há»i vá» kÃ­ch cá»¡,kich_co
cho mÃ¬nh xin báº£ng giÃ¡ size cá»§a shop áº¡,kich_co
mÃ¬nh 1m7 máº·c size nÃ o áº¡,kich_co
mÃ¬nh tháº¥p láº¯m shop cÃ³ size S khÃ´ng,kich_co
mÃ¬nh khÃ¡ to shop cÃ³ size nÃ o vá»«a Ä‘Æ°á»£c vá»›i mÃ¬nh khÃ´ng,kich_co
kÃ­ch cá»¡,kich_co
tÃ´i muá»‘n mua sáº£n pháº©m,san_pham
tÃ´i mua Ä‘á»“,san_pham
tÃ´i mua,san_pham
giÃ¡ cá»§a cÃ¡i nÃ y,san_pham
tÃ´i muá»‘n mua Ä‘á»“ giÃ¡ há»£p lÃ­,san_pham
tÃ´i cáº§n Ä‘Æ°á»£c tÆ° váº¥n vá» sáº£n pháº©m,san_pham
tÃ´i muá»‘n há»i vá» sáº£n pháº©m,san_pham
tÃ´i cáº§n xem Ã¡o sÆ¡ mi,san_pham
shop cÃ³ nhá»¯ng loáº¡i sÆ¡ mi nÃ o,san_pham
Ã¡o gile thÃ¬ sao?,san_pham
chá»n cho tÃ´i Ã¡o sÆ¡ mi ,san_pham
Ã¡o vest nÃ o,san_pham
cÃ  váº¡t nÃ o há»£p vá»›i Ã¡o, san_pham
nÆ¡ nÃ o nÃªn tháº¯t vá»›i Ã¡o,san_pham
xem káº¹p nÃ o Ä‘áº¹p,san_pham
mÃ¬nh cáº§n bá»™ suit 2 máº£nh,san_pham
khÄƒn nÃ o nhÃ¬n sang trá»ng,san_pham
vest,san_pham
suitvest,san_pham
quáº§n,san_pham
Ã¡o,san_pham
sÆ¡ mi,san_pham
gile,san_pham
ghile,san_pham
cÃ  váº¡t,san_pham
nÆ¡,san_pham
káº¹p,san_pham
khÄƒn,san_pham
sáº£n pháº©m,san_pham
giÃ y nÃ o Ä‘áº¹p,san_pham
Ã¡o nÃ o Ä‘áº¹p,san_pham
phá»¥ kiá»‡n nÃ o há»£p,san_pham
Ä‘áº¹p nháº¥t,san_pham
Ä‘á»“ giÃ¡ ráº»,san_pham
máº«u bÃ¡n cháº¡y,san_pham
mua nhiá»u nháº¥t,san_pham
sáº£n pháº©m chÃ­nh hÃ£ng,san_pham
shop cÃ³ nhá»¯ng loáº¡i vest nÃ o váº­y,san_pham
tÃ´i cáº§n Ä‘Æ°á»£c tÆ° váº¥n vá» báº£o hÃ nh,bao_hanh
tÃ´i muá»‘n há»i vá» báº£o hÃ nh,bao_hanh
bá»‹ rÃ¡ch,bao_hanh
bá»‹ thá»§ng,bao_hanh
vá»«a nháº­n hÃ ng thÃ¬ phÃ¡t hiá»‡n Ã¡o thá»§ng lá»— chá»—,bao_hanh
báº£o hÃ nh,bao_hanh
báº£o hÃ nh bÃªn mÃ¬nh sáº½ Ä‘Æ°á»£c trong bao lÃ¢u áº¡,bao_hanh
chÃ­nh sÃ¡ch báº£o hÃ nh bÃªn mÃ¬nh lÃ  sao áº¡,bao_hanh
tÃ´i cáº§n Ä‘Æ°á»£c tÆ° váº¥n vá» váº­n chuyá»ƒn,van_chuyen
tÃ´i muá»‘n há»i vá» váº­n chuyá»ƒn,van_chuyen
váº­n chuyá»ƒn,van_chuyen
mÃ¬nh á»Ÿ Há»“ ChÃ­ Minh thÃ¬ sáº½ Ä‘Æ°á»£c giao trong bao lÃ¢u áº¡,van_chuyen
mÃ¬nh á»Ÿ miá»n trung sáº½ Ä‘Æ°á»£c giao trong bao lÃ¢u áº¡,van_chuyen
mÃ¬nh á»Ÿ miá»n báº¯c sáº½ Ä‘Æ°á»£c giao trong bao lÃ¢u áº¡,van_chuyen
mÃ¬nh á»Ÿ HÃ  Ná»™i sáº½ Ä‘Æ°á»£c giao trong bao lÃ¢u,van_chuyen
shop cÃ³ há»— trá»£ giao há»a tá»‘c khÃ´ng?,van_chuyen
Ä‘áº·t hÃ ng trong bao lÃ¢u thÃ¬ cÃ³,van_chuyen
tÃ´i á»Ÿ miá»n nam Ä‘áº·t hÃ ng bao lÃ¢u thÃ¬ cÃ³,van_chuyen
tÃ´i á»Ÿ miá»n báº¯c trong bao lÃ¢u thÃ¬ cÃ³,van_chuyen
tÃ´i á»Ÿ miá»n trung trong bao lÃ¢u thÃ¬ cÃ³,van_chuyen
mua hÃ ng bao lÃ¢u thÃ¬ cÃ³,van_chuyen
mÃ¬nh Ä‘ang cáº§n ráº¥t gáº¥p shop cÃ³ thá»ƒ giao cho mÃ¬nh sá»›m nháº¥t cÃ³ thá»ƒ Ä‘Æ°á»£c khÃ´ng,van_chuyen
tÃ´i cáº§n Ä‘Æ°á»£c tÆ° váº¥n vá» Æ°u Ä‘Ã£i,uu_dai
cÃ³ nhá»¯ng khuyáº¿n mÃ£i nÃ o,uu_dai
tÃ´i muá»‘n há»i vá» Æ°u Ä‘Ã£i,uu_dai
Æ°u Ä‘Ã£i,uu_dai
khuyáº¿n mÃ£i,uu_dai
khuyáº¿n máº¡i,uu_dai
giáº£m giÃ¡,uu_dai
hiá»‡n táº¡i shop cÃ³ nhá»¯ng chÆ°Æ¡ng trÃ¬nh Æ°u Ä‘Ã£i nÃ o nhá»‰,uu_dai
shop bÃ¡n á»Ÿ Ä‘Ã¢u,thong_tin_shop
chá»§ shop tÃªn lÃ  gÃ¬,thong_tin_shop
tÃ´i cáº§n Ä‘Æ°á»£c tÆ° váº¥n vá» thÃ´ng tin shop,thong_tin_shop
TÃ´i muá»‘n há»i vá» thÃ´ng tin shop,thong_tin_shop
thÃ´ng tin shop,thong_tin_shop
shop mÃ¬nh á»Ÿ Ä‘Ã¢u áº¡,thong_tin_shop
Ä‘á»‹a chá»‰ shop,thong_tin_shop
shop cÃ³ chi nhÃ¡nh á»Ÿ miá»n nam khÃ´ng, thong_tin_shop
shop cÃ³ chi nhÃ¡nh á»Ÿ miá»n báº¯c khÃ´ng, thong_tin_shop
shop cÃ³ chi nhÃ¡nh á»Ÿ miá»n trung khÃ´ng, thong_tin_shop
cÃ¡c cÆ¡ sá»Ÿ cá»§a shop,thong_tin_shop
mÃ¬nh á»Ÿ báº¯c tá»« liÃªm shop cÃ³ cÆ¡ sá»Ÿ nÃ o á»Ÿ gáº§n khÃ´ng,thong_tin_shop
mÃ¬nh á»Ÿ tÃ¢y há»“ shop cÃ³ cÆ¡ sá»Ÿ nÃ o á»Ÿ gáº§n khÃ´ng,thong_tin_shop
mÃ¬nh á»Ÿ long biÃªn shop cÃ³ cÆ¡ sá»Ÿ nÃ o á»Ÿ gáº§n khÃ´ng,thong_tin_shop
mÃ¬nh á»Ÿ hÃ  Ä‘Ã´ng shop cÃ³ cÆ¡ sá»Ÿ nÃ o á»Ÿ gáº§n khÃ´ng,thong_tin_shop
mÃ¬nh á»Ÿ nam tá»« liÃªm shop cÃ³ cÆ¡ sá»Ÿ nÃ o á»Ÿ gáº§n khÃ´ng,thong_tin_shop
tÃ´i á»Ÿ báº¯c tá»« liÃªm shop cÃ³ cÆ¡ sá»Ÿ nÃ o á»Ÿ gáº§n khÃ´ng,thong_tin_shop
tÃ´i á»Ÿ tÃ¢y há»“ shop cÃ³ cÆ¡ sá»Ÿ nÃ o á»Ÿ gáº§n khÃ´ng,thong_tin_shop
tÃ´i á»Ÿ long biÃªn shop cÃ³ cÆ¡ sá»Ÿ nÃ o á»Ÿ gáº§n khÃ´ng,thong_tin_shop
tÃ´i á»Ÿ hÃ  Ä‘Ã´ng shop cÃ³ cÆ¡ sá»Ÿ nÃ o á»Ÿ gáº§n khÃ´ng,thong_tin_shop
tÃ´i á»Ÿ nam tá»« liÃªm shop cÃ³ cÆ¡ sá»Ÿ nÃ o á»Ÿ gáº§n khÃ´ng,thong_tin_shop
cá»­a hÃ ng á»Ÿ Ä‘Ã¢u,thong_tin_shop
Ä‘áº·t hÃ ng bÃªn shop lÃ m tháº¿ nÃ o váº­y,dat_hang
mÃ¬nh cáº§n Ä‘áº·t hÃ ng,dat_hang
Ä‘áº·t hÃ ng,dat_hang
mÃ¬nh muá»‘n Ä‘áº·t hÃ ng,dat_hang
tÃ´i cáº§n Ä‘áº·t hÃ ng,dat_hang
cÃ¡ch Ä‘áº·t hÃ ng,dat_hang
